{
    "application": {
        "id": "",
        "title": "Barcodescanner",
        "type": "SAP_UI5_Component",
        "componentUrl": "/",
        "appUrl": "#Barcodescanner-Display",
        "navigationComponentName": "jatin.app.barcode",
        "intentSemanticObject": "Barcodescanner",
        "intentAction": "Display",
        "html5ApplicationName": "bscanner",
        "HCPParentApplicationName": ""
    },
    "assignment": {
        "groups": [
            "8e084f4e-743c-47be-8026-a0b9d1bab0ef"
        ],
        "contentPackages": [
            "d2f42632-3d87-4a8e-be9e-4f8ae96bcc19"
        ],
        "categories": []
    },
    "tile": {
        "type": "StaticTile",
        "title": "Barcode Scanner",
        "subtitle": "",
        "searchKeywords": "Barcode Scanner,",
        "displayIconUrl": "sap-icon://bar-code",
        "displayInfoText": "",
        "size": "1x1",
        "serviceURL": "",
        "refreshInterval": ""
    }
}